INSERT INTO "groups" ("id","name","updated_at","created_at") VALUES ('1','Management',NULL,'2021-02-02 08:37:49');
INSERT INTO "groups" ("id","name","updated_at","created_at") VALUES ('2','Workers',NULL,'2021-02-02 08:38:33');
INSERT INTO "groups" ("id","name","updated_at","created_at") VALUES ('5','Cleaners',NULL,NULL);
INSERT INTO "reports" ("id","door","user","updated_at","created_at") VALUES ('35','Opened Door 2','Mike',NULL,'2021-02-03 17:17:34');
INSERT INTO "reports" ("id","door","user","updated_at","created_at") VALUES ('637','Alarm stopped for  from Sensor 1','Unkown',NULL,'2021-05-18 11:16:05');
INSERT INTO "reports" ("id","door","user","updated_at","created_at") VALUES ('638','Opened Back Door with Reader 2','Mike',NULL,'2021-05-18 11:16:08');
INSERT INTO "reports" ("id","door","user","updated_at","created_at") VALUES ('639','Automatically closed door  Front door closed','Cron',NULL,'2021-05-20 10:00:01');
INSERT INTO "settings" ("id","name","value","type","updated_at","created_at","title","status") VALUES ('1','door_open','2','3',NULL,'2021-03-24 09:47:21','Door open duration (in seconds)','1');
INSERT INTO "settings" ("id","name","value","type","updated_at","created_at","title","status") VALUES ('2','sound_buzzer','0','2',NULL,'2021-03-24 09:49:28','Sound buzzer when opening door','1');
INSERT INTO "settings" ("id","name","value","type","updated_at","created_at","title","status") VALUES ('3','hostname','Maasland','',NULL,'2021-03-24 09:49:53','Hostname',NULL);
INSERT INTO "settings" ("id","name","value","type","updated_at","created_at","title","status") VALUES ('4','password','m44s','1',NULL,'2021-04-07 10:09:16','Password','1');
INSERT INTO "settings" ("id","name","value","type","updated_at","created_at","title","status") VALUES ('5','time','',NULL,NULL,'2021-04-21 08:27:11','Time',NULL);
INSERT INTO "settings" ("id","name","value","type","updated_at","created_at","title","status") VALUES ('6','apb','120','3',NULL,'2021-05-13 23:08:25','APB (in seconds)','1');
INSERT INTO "settings" ("id","name","value","type","updated_at","created_at","title","status") VALUES ('7','alarm','5','3',NULL,'2021-05-15 22:34:17','Alarm (time in minutes)','1');
INSERT INTO "rules" ("id","name","group_id","door_id","timezone_id","created_at","updated_at") VALUES ('2','','1','1','1',NULL,NULL);
INSERT INTO "rules" ("id","name","group_id","door_id","timezone_id","created_at","updated_at") VALUES ('5',NULL,'2','1','2',NULL,NULL);
INSERT INTO "rules" ("id","name","group_id","door_id","timezone_id","created_at","updated_at") VALUES ('6',NULL,'1','2','4',NULL,NULL);
INSERT INTO "rules" ("id","name","group_id","door_id","timezone_id","created_at","updated_at") VALUES ('7',NULL,'2','2','1',NULL,NULL);
INSERT INTO "rules" ("id","name","group_id","door_id","timezone_id","created_at","updated_at") VALUES ('9',NULL,'5','1','3',NULL,NULL);
INSERT INTO "controllers" ("id","name","reader_1","reader_2","button_1","button_2","sensor_1","sensor_2","created_at","updated_at") VALUES ('1','Master','1','1','1','1','1','1',NULL,NULL);
INSERT INTO "timezones" ("id","name","start","end","created_at","updated_at","weekdays") VALUES ('1','24-7','00:00','23:59',NULL,NULL,'0,1,2,3,4,5,6');
INSERT INTO "timezones" ("id","name","start","end","created_at","updated_at","weekdays") VALUES ('2','Working hours','06:00','17:30',NULL,NULL,'1,2,3,4,5');
INSERT INTO "timezones" ("id","name","start","end","created_at","updated_at","weekdays") VALUES ('3','Evening','18:00','23:00',NULL,NULL,'0,1,2,3,4,5,6');
INSERT INTO "timezones" ("id","name","start","end","created_at","updated_at","weekdays") VALUES ('4','Weekend','07:00','18:00',NULL,NULL,'5,6');
INSERT INTO "timezones" ("id","name","start","end","created_at","updated_at","weekdays") VALUES ('5','test','11:00','12:00',NULL,NULL,'0,1,2,3,4,5,6');
INSERT INTO "doors" ("id","name","updated_at","created_at","controller_id","timezone_id") VALUES ('1','Back Door',NULL,'2021-02-02 17:16:42','1','');
INSERT INTO "doors" ("id","name","updated_at","created_at","controller_id","timezone_id") VALUES ('2','Front door',NULL,'2021-04-23 08:54:57','1','5');
INSERT INTO "users" ("id","name","last_seen","remarks","group_id","keycode","updated_at","created_at","max_visits","end_date","visit_count") VALUES ('1','Mike','2021-05-18 11:16:06','','2','3451230',NULL,'2021-02-02 14:50:05','','','3');
INSERT INTO "users" ("id","name","last_seen","remarks","group_id","keycode","updated_at","created_at","max_visits","end_date","visit_count") VALUES ('2','Cinderella','2021-05-16 20:53:30','Temporary, made at 10-10-2020 ','5','3333',NULL,'2021-02-02 14:50:05','2','','3');
INSERT INTO "users" ("id","name","last_seen","remarks","group_id","keycode","updated_at","created_at","max_visits","end_date","visit_count") VALUES ('4','Elon','2021-05-16 21:24:55','Keydrop
Always get''s in anyway','1','3154526',NULL,'2021-02-03 09:29:02','','','12');
